dataset,featurizer,fold,model,n_train,n_test,n_features,rmse,mae,r2,runtime_s
smoke_polymer,morgan,1,TabICL,9,1,1024,0.020224362904406643,0.02022436261177063,,1.0667080879211426
smoke_polymer,morgan,1,XGBoost,9,1,1024,0.019032866139557906,0.01903286576271057,,0.08148884773254395
smoke_polymer,morgan,1,CatBoost,9,1,1024,0.016866713585316107,0.016866713585316107,,0.1206202507019043
smoke_polymer,morgan,1,RF,9,1,1024,0.0510533487846454,0.0510533487846454,,0.4294166564941406
smoke_polymer,mordred,1,TabICL,9,1,1242,0.024812847254005323,0.02481284737586975,,8.436893224716187
smoke_polymer,mordred,1,XGBoost,9,1,1242,0.02015358178434514,0.020153582096099854,,0.10362815856933594
smoke_polymer,mordred,1,CatBoost,9,1,1242,0.01960955251431451,0.01960955251431451,,0.8716814517974854
smoke_polymer,mordred,1,RF,9,1,1242,0.016387207057740993,0.016387207057740993,,0.46659064292907715
